선수명,팀,ERA,G,W,L,SV,HLD,WPCT,IP,H,HR,BB,HBP,SO,R,ER,WHIP,CG,SHO,QS,BSV,TBF,NP,AVG,2B,3B,SAC,SF,IBB,WP,BK,시즌,IP_float,FIP,xFIP,ERA+,K/9,BB/9,K/BB,pWAR
이우찬,LG,1.89,23,0,1,0,0,0.0,19.0,13,0,14,1,20,6,4,1.421,0,0,0,0,86,338,0.186,2,0,1,0,0,3,0,2025,19.0,3.36,3.36,211.6,9.47,6.63,1.43,0.33
김영우,LG,2.4,66,3,2,1,7,0.6,60.0,49,2,30,3,56,17,16,1.317,0,0,0,3,255,957,0.228,13,0,5,2,2,5,0,2025,60.0,3.32,3.32,166.7,8.4,4.5,1.87,1.07
유영찬,LG,2.63,39,2,2,21,1,0.5,41.0,31,2,23,3,52,14,12,1.317,0,0,0,1,177,672,0.208,7,0,1,1,3,3,0,2025,41.0,3.1,3.1,152.1,11.41,5.05,2.26,0.82
톨허스트,LG,2.86,8,6,2,0,0,0.75,44.0,39,2,16,2,45,15,14,1.25,0,0,5,0,184,713,0.238,7,1,1,1,1,1,0,2025,44.0,2.87,2.87,139.9,9.2,3.27,2.81,0.99
치리노스,LG,3.31,30,13,6,0,0,0.684,177.0,173,5,36,9,137,71,65,1.181,0,0,17,0,737,2809,0.253,26,1,8,1,0,4,0,2025,177.0,2.68,2.68,120.8,6.97,1.83,3.81,4.35
손주영,LG,3.41,30,11,6,0,0,0.647,153.0,153,8,49,4,132,67,58,1.32,0,0,14,0,644,2496,0.262,20,2,5,3,0,6,0,2025,153.0,3.09,3.09,117.3,7.76,2.88,2.69,3.09
송승기,LG,3.5,28,11,6,0,0,0.647,144.0,149,15,49,1,125,61,56,1.375,0,0,10,0,629,2523,0.261,25,1,5,4,0,2,0,2025,144.0,3.76,3.76,114.3,7.81,3.06,2.55,1.89
백승현,LG,3.9,33,1,0,0,2,1.0,30.0,28,2,28,1,27,13,13,1.867,0,0,0,0,146,583,0.246,3,1,2,1,1,3,0,2025,30.0,5.07,5.07,102.6,8.1,8.4,0.96,-0.02
에르난데스,LG,4.23,14,4,4,0,0,0.5,66.0,53,7,24,5,73,32,31,1.167,0,0,7,0,276,1142,0.219,14,0,0,5,0,3,0,2025,66.0,3.58,3.58,94.6,9.95,3.27,3.04,0.99
이정용,LG,5.03,39,6,1,1,7,0.857,34.0,32,3,12,2,26,19,19,1.294,0,0,0,1,139,575,0.258,3,1,1,0,0,0,0,2025,34.0,3.95,3.95,79.5,6.88,3.18,2.17,0.38
최지명,LG,5.28,13,0,1,0,2,0.0,29.0,35,3,14,1,21,17,17,1.69,0,0,0,0,132,507,0.302,6,2,0,1,0,2,0,2025,29.0,4.55,4.55,75.8,6.52,4.34,1.5,0.14
배재준,LG,5.54,14,0,0,0,1,,13.0,9,1,7,1,14,8,8,1.231,0,0,0,0,56,234,0.191,4,0,0,1,0,1,0,2025,13.0,3.79,3.79,72.2,9.69,4.85,2.0,0.17
함덕주,LG,6.0,31,2,3,0,1,0.4,27.0,14,1,18,0,26,19,18,1.185,0,0,0,0,113,463,0.159,5,0,4,3,0,3,0,2025,27.0,3.66,3.66,66.7,8.67,6.0,1.44,0.38
코엔 윈,LG,7.04,5,1,1,0,0,0.5,23.0,28,4,4,5,8,19,18,1.391,0,0,1,0,107,408,0.295,7,0,2,1,0,0,0,2025,23.0,5.84,5.84,56.8,3.13,1.57,2.0,-0.2
김진수,LG,9.0,4,0,0,0,0,,5.0,11,2,1,0,6,5,5,2.4,0,0,0,0,27,104,0.423,3,0,0,0,0,0,0,2025,5.0,6.5,6.5,44.4,10.8,1.8,6.0,-0.08
성동현,LG,9.0,12,0,0,0,0,,9.0,10,2,9,0,6,9,9,2.111,0,0,0,0,45,201,0.286,0,0,1,0,0,1,0,2025,9.0,7.66,7.66,44.4,6.0,9.0,0.67,-0.25
최용준,KT,2.0,7,1,0,0,0,1.0,9,13,0,2,0,5,2,2,1.667,0,0,0,0,39,128,0.351,1,0,0,0,1,0,0,2025,9.0,2.66,2.66,216.5,5.0,2.0,2.5,0.24
우규민,KT,2.44,53,1,2,0,9,0.333,44 1/3,45,2,3,4,24,12,12,1.083,0,0,0,1,185,665,0.259,6,0,4,0,1,0,0,2025,44.333333333333336,3.08,3.08,177.5,4.87,0.61,8.0,0.98
이상동,KT,2.49,41,3,0,0,5,1.0,43 1/3,31,4,9,2,34,12,12,0.923,0,0,0,1,168,656,0.203,6,0,2,2,1,1,0,2025,43.333333333333336,3.49,3.49,173.9,7.06,1.87,3.78,0.75
박건우,KT,2.7,6,0,0,0,0,,6 2/3,4,1,4,0,9,2,2,1.2,0,0,0,0,28,117,0.167,0,0,0,0,0,0,0,2025,6.666666666666667,4.15,4.15,160.4,12.15,5.4,2.25,0.06
패트릭,KT,3.12,15,3,3,0,2,0.5,60 2/3,63,2,21,2,45,26,21,1.385,0,0,2,0,267,992,0.259,10,2,1,0,0,5,0,2025,60.666666666666664,3.18,3.18,138.8,6.68,3.12,2.14,1.26
문용익,KT,3.14,20,1,0,0,0,1.0,28 2/3,21,3,19,0,31,11,10,1.395,0,0,0,0,121,528,0.212,7,0,2,1,1,0,0,2025,28.666666666666668,4.29,4.29,137.9,9.73,5.97,1.63,0.23
고영표,KT,3.3,29,11,8,0,0,0.579,161,170,10,30,15,154,70,59,1.242,1,1,20,0,685,2525,0.272,31,2,7,7,2,4,1,2025,161.0,2.83,2.83,131.2,8.61,1.68,5.13,4.0
소형준,KT,3.3,26,10,7,1,0,0.588,147 1/3,155,6,29,3,123,60,54,1.249,0,0,18,0,617,2209,0.268,24,3,6,1,1,4,0,2025,147.33333333333334,2.61,2.61,131.2,7.51,1.77,4.24,4.03
박영현,KT,3.39,67,5,6,35,1,0.455,69,68,9,34,2,77,31,26,1.478,0,0,0,7,305,1228,0.258,10,1,4,1,4,6,1,2025,69.0,4.13,4.13,127.7,10.04,4.43,2.26,0.69
오원석,KT,3.67,25,11,8,0,0,0.579,132 1/3,130,10,52,4,113,60,54,1.375,0,0,12,0,565,2187,0.261,25,1,7,4,1,5,0,2025,132.33333333333334,3.64,3.64,118.0,7.69,3.54,2.17,2.06
손동현,KT,3.84,58,5,0,1,13,1.0,58 2/3,66,6,12,3,55,30,25,1.33,0,0,0,2,257,938,0.278,16,1,4,1,3,4,0,2025,58.666666666666664,3.32,3.32,112.8,8.44,1.84,4.58,1.13
전용주,KT,3.95,21,0,1,0,4,0.0,13 2/3,18,0,7,0,11,8,6,1.829,0,0,0,0,66,257,0.31,4,0,0,1,1,3,0,2025,13.666666666666666,3.03,3.03,109.6,7.24,4.61,1.57,0.31
헤이수스,KT,3.96,32,9,9,0,1,0.5,163 2/3,173,17,44,8,165,85,72,1.326,0,0,15,0,712,2716,0.267,22,2,8,3,0,7,2,2025,163.66666666666666,3.39,3.39,109.3,9.07,2.42,3.75,3.02
주권,KT,4.43,34,0,1,0,0,0.0,40 2/3,48,3,13,0,19,23,20,1.5,0,0,0,1,176,634,0.302,2,0,3,1,1,0,1,2025,40.666666666666664,4.08,4.08,97.7,4.2,2.88,1.46,0.43
김민수,KT,4.96,58,4,3,0,11,0.571,52 2/3,63,5,15,1,36,31,29,1.481,0,0,0,1,230,817,0.303,11,2,2,4,1,5,0,2025,52.666666666666664,3.88,3.88,87.3,6.15,2.56,2.4,0.68
임준형,KT,5.19,10,0,0,0,0,,8 2/3,11,0,7,1,6,7,5,2.077,0,0,0,0,42,179,0.333,1,0,1,0,0,1,0,2025,8.666666666666666,4.48,4.48,83.4,6.23,7.27,0.86,0.05
원상현,KT,5.21,52,0,3,0,14,0.0,57,56,8,35,1,45,35,33,1.596,0,0,0,0,259,1009,0.257,10,0,2,3,3,4,0,2025,57.0,5.24,5.24,83.1,7.11,5.53,1.29,-0.16
조이현,KT,5.4,3,1,2,0,0,0.333,11 2/3,17,2,0,1,3,7,7,1.457,0,0,0,0,50,173,0.347,2,1,0,0,0,0,0,2025,11.666666666666666,5.07,5.07,80.2,2.31,0.0,,-0.01
쿠에바스,KT,5.4,18,3,10,0,0,0.231,98 1/3,104,13,46,5,60,69,59,1.525,0,0,7,0,445,1663,0.268,14,2,4,2,0,4,1,2025,98.33333333333333,5.15,5.15,80.2,5.49,4.21,1.3,-0.17
배제성,KT,5.67,8,2,3,0,0,0.4,27,38,2,11,0,23,17,17,1.815,0,0,0,0,127,514,0.33,5,1,1,0,1,1,0,2025,27.0,3.58,3.58,76.4,7.67,3.67,2.09,0.44
이채호,KT,6.17,10,0,0,0,0,,11 2/3,12,1,5,2,8,8,8,1.457,0,0,0,0,53,195,0.286,3,2,1,3,1,0,0,2025,11.666666666666666,4.64,4.64,70.2,6.17,3.86,1.6,0.05
최동환,KT,8.68,20,1,1,0,0,0.5,18 2/3,27,4,12,1,9,19,18,2.089,0,0,0,0,91,326,0.351,5,1,0,1,2,0,0,2025,18.666666666666668,7.01,7.01,49.9,4.34,5.79,0.75,-0.43
김재원,KT,10.38,4,0,0,0,0,,4 1/3,3,0,8,1,4,5,5,,0,0,0,0,24,99,0.214,1,0,0,1,0,3,0,2025,4.333333333333333,,,,,,,
김동현,KT,13.5,3,0,0,0,0,,3 1/3,7,2,3,0,4,5,5,,0,0,0,0,19,66,0.438,0,0,0,0,0,3,0,2025,3.3333333333333335,,,,,,,
한차현,KT,16.2,2,0,0,0,0,,1 2/3,4,0,2,0,1,3,3,,0,0,0,0,11,40,0.444,0,0,0,0,0,1,0,2025,1.6666666666666665,,,,,,,
이정현,KT,16.62,6,0,0,0,0,,4 1/3,9,0,4,1,3,8,8,,0,0,0,0,27,100,0.429,3,0,0,1,0,0,0,2025,4.333333333333333,,,,,,,
강백호,KT,18.0,1,0,0,0,0,,1,3,1,1,0,1,2,2,,0,0,0,0,7,25,0.5,1,0,0,0,0,0,0,2025,1.0,,,,,,,
강건,KT,24.55,2,0,1,0,0,0.0,3 2/3,7,1,7,1,1,10,10,,0,0,0,0,26,104,0.5,2,0,2,2,0,0,0,2025,3.6666666666666665,,,,,,,
신지환,SSG,0.0,1,0,0,0,0,,1,0,0,0,1,1,0,0,,0,0,0,0,4,18,0.0,0,0,0,0,0,0,0,2025,1.0,,,,,,,
조병현,SSG,1.6,69,5,4,30,0,0.556,67 1/3,42,5,18,0,79,13,12,0.891,0,0,0,2,255,1088,0.179,7,0,1,1,2,1,0,2025,67.33333333333333,2.52,2.52,257.4,10.56,2.41,4.39,1.82
이로운,SSG,1.99,75,6,5,1,33,0.545,77,56,7,26,0,66,19,17,1.065,0,0,0,1,305,1261,0.206,4,1,4,3,5,2,0,2025,77.0,3.58,3.58,206.9,7.71,3.04,2.54,1.19
노경은,SSG,2.14,77,3,6,3,35,0.333,80,60,2,25,3,68,22,19,1.062,0,0,0,6,320,1177,0.215,10,0,9,4,5,3,0,2025,80.0,2.78,2.78,192.4,7.65,2.81,2.72,1.93
앤더슨,SSG,2.25,30,12,7,0,0,0.632,171 2/3,121,13,51,9,245,53,43,1.002,0,0,17,0,694,2792,0.193,17,1,3,3,1,10,0,2025,171.66666666666666,2.28,2.28,183.0,12.84,2.67,4.8,5.09
김택형,SSG,2.78,25,0,0,0,1,,22 2/3,19,0,10,3,14,7,7,1.279,0,0,0,0,95,371,0.235,6,0,1,0,0,2,0,2025,22.666666666666668,3.59,3.59,148.1,5.56,3.97,1.4,0.35
화이트,SSG,2.87,24,11,4,0,0,0.733,134 2/3,111,9,44,8,137,51,43,1.151,1,0,12,0,562,2165,0.221,17,2,4,3,1,6,0,2025,134.66666666666666,3.09,3.09,143.5,9.16,2.94,3.11,2.8
김민,SSG,2.97,70,5,2,1,22,0.714,63 2/3,60,7,17,6,65,23,21,1.209,0,0,0,4,266,944,0.251,7,0,4,0,2,4,0,2025,63.666666666666664,3.57,3.57,138.6,9.19,2.4,3.82,0.99
박기호,SSG,3.0,18,0,0,0,2,,24,23,3,12,8,13,10,8,1.458,0,0,0,0,110,451,0.267,2,0,3,1,1,2,0,2025,24.0,6.14,6.14,137.3,4.88,4.5,1.08,-0.3
박시후,SSG,3.27,52,6,2,0,3,0.75,52 1/3,45,5,29,5,34,24,19,1.414,0,0,0,0,231,930,0.233,3,0,3,1,1,0,1,2025,52.333333333333336,4.99,4.99,125.9,5.85,4.99,1.17,0.01
김건우,SSG,3.82,35,5,4,0,2,0.556,66,53,2,49,7,68,31,28,1.545,0,0,0,0,301,1241,0.22,14,0,2,2,1,4,0,2025,66.0,3.98,3.98,107.8,9.27,6.68,1.39,0.73
최민준,SSG,3.97,40,2,2,0,1,0.5,65 2/3,72,6,24,3,44,34,29,1.462,0,0,0,0,287,1172,0.289,7,0,7,4,0,3,0,2025,65.66666666666667,4.18,4.18,103.7,6.03,3.29,1.83,0.59
전영준,SSG,4.61,34,1,5,0,0,0.167,52 2/3,48,5,26,5,55,28,27,1.405,0,0,0,0,228,993,0.249,9,0,3,1,1,3,0,2025,52.666666666666664,4.01,4.01,89.3,9.4,4.44,2.12,0.57
한두솔,SSG,4.95,44,2,0,1,3,1.0,36 1/3,46,1,19,1,27,22,20,1.789,0,0,0,1,169,649,0.317,5,0,2,2,1,1,0,2025,36.333333333333336,3.62,3.62,83.2,6.69,4.71,1.42,0.55
김광현,SSG,5.0,28,10,10,0,0,0.5,144,164,13,50,4,138,86,80,1.486,0,0,9,0,636,2453,0.286,28,1,5,3,1,6,0,2025,144.0,3.48,3.48,82.4,8.62,3.12,2.76,2.38
문승원,SSG,5.13,23,4,7,0,0,0.364,105 1/3,109,16,38,5,61,61,60,1.396,0,0,5,0,452,1783,0.273,23,3,6,4,0,4,0,2025,105.33333333333333,5.14,5.14,80.3,5.21,3.25,1.61,-0.16
송영진,SSG,5.83,21,2,5,0,0,0.286,63 1/3,77,10,31,3,40,45,41,1.705,0,0,1,0,288,1070,0.312,5,1,3,4,1,2,0,2025,63.333333333333336,5.5,5.5,70.6,5.68,4.41,1.29,-0.34
최현석,SSG,6.23,13,0,0,0,0,,17 1/3,21,5,6,2,11,13,12,1.558,0,0,0,0,77,290,0.304,2,0,0,0,0,1,0,2025,17.333333333333332,6.97,6.97,66.1,5.71,3.12,1.83,-0.37
서진용,SSG,6.75,2,0,0,0,0,,1 1/3,1,0,3,0,0,1,1,,0,0,0,0,7,27,0.25,0,0,0,0,0,0,0,2025,1.3333333333333333,,,,,,,
박종훈,SSG,7.11,5,0,2,0,0,0.0,19,15,4,18,5,10,17,15,1.737,0,0,1,0,90,370,0.231,1,0,1,1,0,0,0,2025,19.0,8.42,8.42,57.9,4.74,8.53,0.56,-0.71
정동윤,SSG,8.31,12,0,0,0,0,,17 1/3,21,2,12,0,17,16,16,1.904,0,0,0,0,82,317,0.309,6,0,1,1,0,1,0,2025,17.333333333333332,4.72,4.72,49.6,8.83,6.23,1.42,0.05
김영규,NC,2.86,45,4,3,0,21,0.571,44.0,40,3,18,3,35,17,14,1.318,0,0,0,1,189,762,0.253,4,0,5,5,4,6,0,2025,44.0,3.83,3.83,153.0,7.16,3.68,1.94,0.6
류진욱,NC,3.27,62,4,3,29,0,0.571,66.0,50,6,28,6,57,27,24,1.182,0,0,0,1,275,1061,0.21,7,1,2,1,3,5,0,2025,66.0,4.1,4.1,133.8,7.77,3.82,2.04,0.69
라일리,NC,3.45,30,17,7,0,0,0.708,172.0,136,18,56,3,216,76,66,1.116,0,0,16,0,709,2916,0.212,25,2,4,4,0,5,0,2025,172.0,2.98,2.98,126.8,11.3,2.93,3.86,4.02
로건,NC,4.53,32,7,12,0,0,0.368,173.0,180,18,67,10,149,98,87,1.428,0,0,16,0,770,3037,0.263,30,2,3,5,3,6,0,2025,173.0,4.07,4.07,96.6,7.75,3.49,2.22,1.86
신민혁,NC,4.77,28,6,3,0,0,0.667,132.0,148,23,26,6,84,76,70,1.318,1,0,5,0,568,2292,0.281,18,2,4,5,1,3,0,2025,132.0,4.82,4.82,91.7,5.73,1.77,3.23,0.27
김태훈,NC,5.21,18,0,0,0,0,,19.0,17,4,16,1,9,15,11,1.737,0,0,0,0,94,356,0.224,2,0,1,0,0,5,0,2025,19.0,7.57,7.57,84.0,4.26,7.58,0.56,-0.57
소이현,NC,5.63,7,0,0,0,0,,8.0,5,0,7,1,3,5,5,1.5,0,0,0,0,36,140,0.192,1,0,1,1,0,2,0,2025,8.0,5.35,5.35,77.7,3.38,7.88,0.43,-0.03
목지훈,NC,6.05,16,3,5,0,0,0.375,58.0,68,6,42,5,45,42,39,1.897,0,0,1,0,280,1115,0.298,8,3,2,3,1,9,2,2025,58.0,5.32,5.32,72.3,6.98,6.52,1.07,-0.21
김녹원,NC,6.56,21,3,4,0,1,0.429,70.0,75,10,47,3,37,53,51,1.743,0,0,0,0,327,1290,0.277,13,1,5,1,0,4,0,2025,70.0,6.04,6.04,66.7,4.76,6.04,0.79,-0.84
조민석,NC,6.92,6,0,1,0,0,0.0,13.0,12,3,11,2,4,10,10,1.769,0,0,0,0,61,258,0.25,2,0,0,0,0,2,0,2025,13.0,8.48,8.48,63.2,2.77,7.62,0.36,-0.52
이준혁,NC,7.3,25,1,3,0,0,0.25,37.0,43,8,20,6,30,33,30,1.703,0,0,0,0,170,699,0.305,7,1,2,1,2,4,0,2025,37.0,6.4,6.4,59.9,7.3,4.86,1.5,-0.6
도태훈,NC,9.0,1,0,0,0,0,,1.0,3,1,0,0,1,1,1,,0,0,0,0,6,16,0.5,0,0,0,0,0,0,0,2025,1.0,,,,,,,
김태경,NC,10.64,6,0,0,0,1,,11.0,18,4,9,2,10,20,13,2.455,0,0,0,0,62,266,0.367,3,0,2,0,1,1,0,2025,11.0,9.01,9.01,41.1,8.18,7.36,1.11,-0.51
김태현,NC,12.0,5,0,0,0,1,,3.0,5,2,3,2,2,4,4,,0,0,0,0,17,69,0.417,1,0,0,0,0,1,0,2025,3.0,,,,,,,
임상현,NC,18.0,1,0,0,0,0,,1.0,2,0,3,0,0,2,2,,0,0,0,0,8,34,0.4,1,0,0,0,0,0,0,2025,1.0,,,,,,,
김한중,두산,0.0,2,0,0,0,0,,2,1,0,0,0,0,1,0,,0,0,0,0,8,25,0.125,1,0,0,0,0,0,0,2025,2.0,,,,,,,
이교훈,두산,1.17,10,1,0,0,0,1.0,7 2/3,4,0,4,1,7,2,1,1.043,0,0,0,0,29,125,0.174,1,0,1,0,0,2,0,2025,7.666666666666667,3.23,3.23,341.9,8.22,4.7,1.75,0.14
잭로그,두산,2.81,30,10,8,0,1,0.556,176,146,8,39,17,156,66,55,1.051,0,0,17,0,722,2698,0.224,25,4,11,2,0,4,0,2025,176.0,2.87,2.87,142.3,7.98,1.99,4.0,3.97
박신지,두산,2.85,54,2,4,0,5,0.333,60,55,3,29,5,36,24,19,1.4,0,0,0,1,264,1008,0.244,15,3,2,3,6,8,0,2025,60.0,4.25,4.25,140.4,5.4,4.35,1.24,0.48
김택연,두산,3.53,64,4,5,24,0,0.444,66 1/3,47,6,31,5,79,31,26,1.176,0,0,0,9,281,1151,0.196,6,0,4,1,2,5,0,2025,66.33333333333333,3.52,3.52,113.3,10.72,4.21,2.55,1.04
박치국,두산,3.75,73,4,4,2,16,0.5,62 1/3,58,4,21,7,57,35,26,1.267,0,0,0,4,271,1045,0.245,15,0,5,1,1,0,0,2025,62.333333333333336,3.45,3.45,106.7,8.23,3.03,2.71,1.02
김정우,두산,3.86,18,0,0,1,1,,21,26,1,9,3,13,12,9,1.667,0,0,0,0,103,396,0.302,4,0,3,2,0,1,0,2025,21.0,4.2,4.2,103.6,5.57,3.86,1.44,0.18
이영하,두산,4.05,73,4,4,0,14,0.5,66 2/3,63,4,39,6,72,33,30,1.53,0,0,0,5,299,1136,0.254,10,0,5,1,2,7,0,2025,66.66666666666667,3.74,3.74,98.8,9.72,5.26,1.85,0.89
박정수,두산,4.1,29,1,0,0,3,1.0,26 1/3,31,1,8,4,15,13,12,1.481,0,0,0,0,119,418,0.304,3,1,3,2,1,1,0,2025,26.333333333333332,3.82,3.82,97.6,5.13,2.73,1.88,0.33
곽빈,두산,4.2,19,5,7,0,0,0.417,109 1/3,96,9,41,2,107,55,51,1.253,0,0,7,0,465,1804,0.232,23,3,2,6,0,5,0,2025,109.33333333333333,3.39,3.39,95.2,8.81,3.38,2.61,1.86
양재훈,두산,4.24,19,0,0,1,0,,23 1/3,19,3,8,0,19,11,11,1.157,0,0,0,0,93,380,0.226,4,0,0,1,0,0,0,2025,23.333333333333332,4.17,4.17,94.3,7.33,3.09,2.38,0.2
최민석,두산,4.4,17,3,3,0,0,0.5,77 2/3,72,7,34,5,53,41,38,1.365,0,0,4,0,333,1342,0.248,15,1,3,1,1,5,1,2025,77.66666666666667,4.41,4.41,90.9,6.14,3.94,1.56,0.48
최승용,두산,4.41,23,5,7,0,0,0.417,116 1/3,121,8,36,6,71,60,57,1.35,0,0,9,0,507,1958,0.265,20,4,5,3,0,4,0,2025,116.33333333333333,3.86,3.86,90.7,5.49,2.79,1.97,1.4
콜어빈,두산,4.48,28,8,12,0,0,0.4,144 2/3,142,9,79,18,128,80,72,1.528,0,0,10,0,649,2593,0.268,26,3,14,8,1,6,0,2025,144.66666666666666,4.15,4.15,89.3,7.96,4.91,1.62,1.3
홍민규,두산,4.59,20,2,1,1,0,0.667,33 1/3,37,4,15,1,17,19,17,1.56,0,0,0,0,151,571,0.28,6,0,0,3,0,4,0,2025,33.333333333333336,5.08,5.08,87.1,4.59,4.05,1.13,-0.03
김민규,두산,4.66,7,1,1,0,0,0.5,9 2/3,9,1,6,4,6,5,5,1.552,0,0,0,0,47,199,0.273,3,0,0,4,0,0,0,2025,9.666666666666666,6.31,6.31,85.8,5.59,5.59,1.0,-0.13
최원준,두산,4.71,47,4,7,0,9,0.364,107,105,18,38,4,62,59,56,1.336,0,0,5,2,456,1852,0.258,17,2,4,3,2,4,0,2025,107.0,5.31,5.31,84.9,5.21,3.2,1.63,-0.35
제환유,두산,4.96,6,0,1,0,0,0.0,16 1/3,17,2,12,1,8,10,9,1.776,0,0,0,0,78,304,0.27,1,0,1,1,1,0,0,2025,16.333333333333332,6.1,6.1,80.6,4.41,6.61,0.67,-0.19
김명신,두산,5.4,8,0,0,0,0,,8 1/3,13,0,3,1,6,8,5,1.92,0,0,0,0,43,202,0.342,3,1,0,1,0,1,0,2025,8.333333333333334,3.1,3.1,74.1,6.48,3.24,2.0,0.17
최종인,두산,5.4,3,0,0,0,0,,1 2/3,1,0,3,0,5,1,1,,0,0,0,0,9,46,0.167,0,0,0,0,0,2,0,2025,1.6666666666666665,,,,,,,
홍건희,두산,6.19,20,2,1,0,0,0.667,16,18,2,15,0,15,13,11,2.062,0,0,0,0,83,341,0.273,1,0,2,0,1,0,0,2025,16.0,5.66,5.66,64.6,8.44,8.44,1.0,-0.11
이병헌,두산,6.23,22,0,0,0,4,,13,11,1,10,0,9,9,9,1.615,0,0,0,0,56,216,0.244,1,0,0,1,2,0,0,2025,13.0,5.02,5.02,64.2,6.23,6.92,0.9,-0.0
최지강,두산,6.34,39,2,5,0,5,0.286,32 2/3,41,3,13,2,38,25,23,1.653,0,0,0,4,149,582,0.313,5,0,3,0,1,3,0,2025,32.666666666666664,3.34,3.34,63.1,10.47,3.58,2.92,0.57
김호준,두산,6.75,19,0,1,0,1,0.0,10 2/3,14,2,7,0,7,11,8,1.969,0,0,0,1,54,218,0.298,3,0,0,0,1,1,0,2025,10.666666666666666,6.19,6.19,59.3,5.91,5.91,1.0,-0.13
윤태호,두산,6.75,10,0,1,0,1,0.0,17 1/3,16,2,5,0,16,14,13,1.212,0,0,0,0,73,287,0.246,6,0,2,1,0,2,0,2025,17.333333333333332,3.62,3.62,59.3,8.31,2.6,3.2,0.25
고효준,두산,6.86,45,2,1,0,9,0.667,21,29,4,14,1,19,16,16,2.048,0,0,0,3,104,441,0.337,2,1,2,1,1,4,0,2025,21.0,5.91,5.91,58.3,8.14,6.0,1.36,-0.2
최준호,두산,8.44,9,1,2,0,0,0.333,16,18,4,9,2,11,15,15,1.688,0,0,0,0,74,305,0.29,5,0,0,1,0,2,0,2025,16.0,7.04,7.04,47.4,6.19,5.06,1.22,-0.35
김유성,두산,8.83,7,0,2,0,0,0.0,17 1/3,17,3,14,4,22,17,17,1.788,0,0,0,0,85,385,0.254,2,0,0,0,0,1,0,2025,17.333333333333332,5.93,5.93,45.3,11.42,7.27,1.57,-0.17
김민재,KIA,0.0,1,0,0,0,0,,2.0,2,0,0,0,1,0,0,,0,0,0,0,8,21,0.25,0,0,0,0,0,0,0,2025,2.0,,,,,,,
유지성,KIA,0.0,1,0,0,0,0,,1.0,0,0,0,0,0,0,0,,0,0,0,0,3,10,0.0,0,0,0,0,0,0,0,2025,1.0,,,,,,,
전상현,KIA,3.34,74,7,5,1,25,0.583,70.0,64,4,20,2,50,30,26,1.2,0,0,0,7,290,1048,0.242,15,0,1,3,3,3,0,2025,70.0,3.36,3.36,122.1,6.43,2.57,2.5,1.24
올러,KIA,3.62,26,11,7,0,0,0.611,149.0,125,8,47,8,169,64,60,1.154,1,0,16,0,620,2490,0.226,25,3,5,6,0,2,0,2025,149.0,2.64,2.64,112.6,10.21,2.84,3.6,3.79
조상우,KIA,3.9,72,6,6,1,28,0.5,60.0,64,5,27,6,55,29,26,1.517,0,0,0,3,271,1113,0.277,15,0,6,1,3,2,0,2025,60.0,4.0,4.0,104.6,8.25,4.05,2.04,0.65
유승철,KIA,4.5,1,0,0,0,0,,2.0,3,0,2,0,3,1,1,,0,0,0,0,11,40,0.333,0,0,0,0,0,1,0,2025,2.0,,,,,,,
이준영,KIA,4.76,57,3,1,0,7,0.75,34.0,36,6,11,1,34,18,18,1.382,0,0,0,1,145,569,0.273,10,0,1,0,2,1,0,2025,34.0,4.45,4.45,85.7,9.0,2.91,3.09,0.2
양현종,KIA,5.06,30,7,9,0,0,0.438,153.0,171,12,57,4,109,101,86,1.49,0,0,11,0,677,2497,0.285,23,4,8,8,1,10,0,2025,153.0,3.89,3.89,80.6,6.41,3.35,1.91,1.83
윤영철,KIA,5.58,13,2,7,0,0,0.222,50.0,52,4,30,1,43,37,31,1.64,0,0,1,0,227,888,0.269,7,0,1,2,0,4,0,2025,50.0,4.28,4.28,73.1,7.74,5.4,1.43,0.39
장재혁,KIA,6.0,3,0,0,0,0,,3.0,3,1,3,0,2,2,2,,0,0,0,0,13,63,0.3,0,0,0,0,0,0,0,2025,3.0,,,,,,,
김건국,KIA,6.85,26,0,3,0,1,0.0,46.0,59,11,17,5,31,38,35,1.652,0,0,0,1,216,841,0.311,9,0,1,3,0,3,0,2025,46.0,6.3,6.3,59.5,6.07,3.33,1.82,-0.65
이도현,KIA,6.92,6,1,1,0,0,0.5,13.0,17,1,8,1,9,11,10,1.923,0,0,0,0,65,242,0.309,5,0,0,1,0,1,0,2025,13.0,4.79,4.79,58.9,6.23,5.54,1.12,0.03
이형범,KIA,11.7,12,0,0,0,0,,10.0,21,0,5,0,6,16,13,2.6,0,0,0,0,56,209,0.438,6,1,1,2,1,0,0,2025,10.0,3.4,3.4,34.9,5.4,4.5,1.2,0.17
김민주,KIA,12.0,3,0,0,0,0,,3.0,4,0,2,2,2,4,4,,0,0,0,0,17,54,0.333,1,1,0,1,0,0,0,2025,3.0,,,,,,,
임기영,KIA,13.0,10,1,1,0,0,0.5,9.0,23,2,4,0,5,13,13,3.0,0,0,0,0,52,176,0.489,4,0,1,0,0,0,0,2025,9.0,6.21,6.21,31.4,5.0,4.0,1.25,-0.12
곽도규,KIA,13.5,9,0,0,0,3,,4.0,3,0,6,2,5,6,6,,0,0,0,1,22,99,0.214,0,0,0,0,0,1,0,2025,4.0,,,,,,,
김정엽,KIA,18.0,2,0,0,0,0,,1.0,0,0,1,1,0,2,2,,0,0,0,0,5,21,0.0,0,0,0,0,0,0,0,2025,1.0,,,,,,,
김원중,롯데,2.67,53,4,3,32,0,0.571,60 2/3,58,4,33,2,69,21,18,1.5,0,0,0,6,272,1117,0.25,11,2,4,1,6,7,1,2025,60.666666666666664,3.41,3.41,151.3,10.24,4.9,2.09,1.03
심재민,롯데,3.0,4,1,0,0,0,1.0,3,5,0,1,0,2,2,1,,0,0,0,0,15,48,0.357,1,0,0,0,0,1,0,2025,3.0,,,,,,,
홍민기,롯데,3.09,25,0,2,0,3,0.0,32,24,0,11,2,39,13,11,1.094,0,0,0,0,129,510,0.211,5,1,0,2,0,1,0,2025,32.0,1.88,1.88,130.7,10.97,3.09,3.55,1.07
감보아,롯데,3.58,19,7,8,0,0,0.467,108,97,6,49,4,117,54,43,1.352,0,0,11,0,475,1866,0.236,16,0,6,5,0,5,0,2025,108.0,3.13,3.13,112.8,9.75,4.08,2.39,2.16
데이비슨,롯데,3.65,22,10,5,0,0,0.667,123 1/3,123,10,48,5,119,53,50,1.386,0,0,11,0,529,2100,0.262,20,2,4,2,0,4,1,2025,123.33333333333333,3.51,3.51,110.6,8.68,3.5,2.48,1.96
정성종,롯데,3.86,2,0,0,0,0,,2 1/3,3,1,0,0,0,1,1,,0,0,0,0,10,37,0.3,1,0,0,0,0,0,0,2025,2.3333333333333335,,,,,,,
나균안,롯데,3.87,28,3,7,0,0,0.3,137 1/3,143,13,50,5,116,67,59,1.405,0,0,9,0,601,2328,0.268,23,3,7,5,0,3,0,2025,137.33333333333334,3.84,3.84,104.4,7.6,3.28,2.32,1.7
정현수,롯데,3.97,82,2,0,0,12,1.0,47 2/3,34,4,26,2,47,23,21,1.259,0,0,0,0,203,851,0.201,9,0,3,3,0,2,0,2025,47.666666666666664,3.98,3.98,101.7,8.87,4.91,1.81,0.52
김강현,롯데,4.0,67,2,2,0,4,0.5,72,69,9,21,7,36,37,32,1.25,0,0,0,0,306,1135,0.254,15,1,2,4,0,4,0,2025,72.0,4.89,4.89,101.0,4.5,2.62,1.71,0.08
송재영,롯데,4.0,46,1,0,0,3,1.0,27,19,3,24,0,28,13,12,1.593,0,0,0,0,121,491,0.202,4,0,1,2,0,2,0,2025,27.0,5.14,5.14,101.0,9.33,8.0,1.17,-0.04
정철원,롯데,4.24,75,8,3,0,21,0.727,70,72,4,28,7,55,34,33,1.429,0,0,0,6,312,1169,0.268,13,1,3,5,2,5,0,2025,70.0,3.77,3.77,95.2,7.07,3.6,1.96,0.92
김태현,롯데,4.5,1,0,0,0,0,,2,1,0,4,0,2,2,1,,0,0,0,0,12,51,0.143,0,0,0,1,0,0,0,2025,2.0,,,,,,,
박세웅,롯데,4.93,29,11,13,0,0,0.458,160 2/3,183,15,54,8,156,99,88,1.475,0,0,12,0,722,2694,0.282,46,1,8,4,0,14,1,2025,160.66666666666666,3.53,3.53,81.9,8.74,3.02,2.89,2.52
이민석,롯데,5.26,20,2,5,0,0,0.286,87 1/3,104,10,56,2,61,56,51,1.832,0,0,4,0,417,1596,0.295,13,2,3,4,0,2,0,2025,87.33333333333333,5.18,5.18,76.8,6.29,5.77,1.09,-0.17
최준용,롯데,5.3,49,4,4,1,17,0.5,54 1/3,50,5,16,6,62,35,32,1.215,0,0,0,4,234,910,0.243,9,1,4,2,0,3,0,2025,54.333333333333336,3.23,3.23,76.2,10.27,2.65,3.88,1.03
반즈,롯데,5.32,8,3,4,0,0,0.429,45 2/3,47,4,17,2,38,31,27,1.401,0,0,3,0,204,761,0.258,14,2,2,1,0,2,0,2025,45.666666666666664,3.82,3.82,75.9,7.49,3.35,2.24,0.58
박진,롯데,5.32,51,3,3,1,3,0.5,69 1/3,76,10,22,1,50,42,41,1.413,0,0,0,1,302,1172,0.277,10,3,1,4,0,5,0,2025,69.33333333333333,4.53,4.53,75.9,6.49,2.86,2.27,0.35
정우준,롯데,5.4,3,0,0,0,0,,3 1/3,6,0,0,1,3,2,2,,0,0,0,0,16,58,0.4,3,0,0,0,0,0,0,2025,3.3333333333333335,,,,,,,
한현희,롯데,6.23,3,0,0,0,1,,8 2/3,13,2,2,1,8,6,6,1.731,0,0,0,0,41,161,0.342,2,0,0,0,0,1,0,2025,8.666666666666666,5.29,5.29,64.8,8.31,2.08,4.0,-0.03
김태혁,롯데,6.38,45,0,1,2,3,0.0,36 2/3,48,4,18,3,27,26,26,1.8,0,0,0,0,180,644,0.314,10,0,2,4,2,1,0,2025,36.666666666666664,4.76,4.76,63.3,6.63,4.42,1.5,0.09
구승민,롯데,7.0,11,0,1,0,1,0.0,9,9,1,7,1,10,10,7,1.778,0,0,0,0,45,187,0.243,1,1,0,0,0,0,0,2025,9.0,4.99,4.99,57.7,10.0,7.0,1.43,0.0
윤성빈,롯데,7.67,31,1,2,0,0,0.333,27,26,3,20,4,44,23,23,1.704,0,0,0,0,130,524,0.245,7,0,0,0,1,6,0,2025,27.0,3.95,3.95,52.7,14.67,6.67,2.2,0.3
박준우,롯데,8.03,11,1,2,0,1,0.333,12 1/3,21,0,6,1,11,11,11,2.189,0,0,0,1,64,238,0.368,3,1,0,0,0,0,0,2025,12.333333333333334,3.02,3.02,50.3,8.03,4.38,1.83,0.26
벨라스케즈,롯데,8.23,11,1,4,0,0,0.2,35,47,7,18,3,28,32,32,1.857,0,0,1,0,168,651,0.324,10,1,2,0,0,1,2,2025,35.0,5.9,5.9,49.1,7.2,4.63,1.56,-0.34
박진형,롯데,8.44,7,0,0,0,0,,5 1/3,9,1,3,0,5,7,5,2.25,0,0,0,0,29,104,0.346,3,0,0,0,0,0,0,2025,5.333333333333333,5.35,5.35,47.8,8.44,5.06,1.67,-0.02
이영재,롯데,9.0,3,0,0,0,0,,2,5,1,0,1,2,2,2,,0,0,0,0,11,43,0.5,1,0,0,0,0,0,0,2025,2.0,,,,,,,
김진욱,롯데,10.0,14,1,3,0,0,0.25,27,42,10,16,2,24,32,30,2.148,0,0,1,2,136,544,0.365,6,0,2,1,0,0,0,2025,27.0,8.14,8.14,40.4,8.0,5.33,1.5,-0.91
박시영,롯데,11.05,11,1,0,0,0,1.0,7 1/3,9,0,9,2,10,9,9,2.455,0,0,0,0,42,169,0.29,4,0,0,0,0,0,0,2025,7.333333333333333,4.87,4.87,36.5,12.27,11.05,1.11,0.01
박세현,롯데,14.73,3,0,0,0,0,,3 2/3,8,1,1,1,4,6,6,,0,0,0,0,21,65,0.421,5,0,0,0,0,0,0,2025,3.6666666666666665,,,,,,,
양현,삼성,0.0,4,0,0,0,0,,3 1/3,2,0,3,0,1,0,0,,0,0,0,1,15,65,0.167,0,0,0,0,0,0,0,2025,3.3333333333333335,,,,,,,
이상민,삼성,0.0,1,0,0,0,0,,1,2,0,0,0,1,0,0,,0,0,0,0,5,12,0.4,0,0,0,0,0,0,0,2025,1.0,,,,,,,
이재익,삼성,1.23,7,1,0,0,0,1.0,7 1/3,8,0,2,0,6,1,1,1.364,0,0,0,0,31,113,0.276,0,1,0,0,0,1,0,2025,7.333333333333333,2.28,2.28,352.0,7.36,2.45,3.0,0.23
백정현,삼성,1.95,29,2,0,1,3,1.0,32 1/3,19,1,7,2,31,7,7,0.804,0,0,0,2,128,505,0.165,6,0,2,2,0,0,0,2025,32.333333333333336,2.42,2.42,222.0,8.63,1.95,4.43,0.96
후라도,삼성,2.6,30,15,8,0,0,0.652,197 1/3,177,17,36,4,142,65,57,1.079,3,2,23,0,786,2921,0.239,17,3,5,1,0,3,0,2025,197.33333333333334,3.39,3.39,166.5,6.48,1.64,3.94,3.64
가라비토,삼성,2.64,15,4,4,0,0,0.5,78 1/3,56,6,37,6,84,31,23,1.187,0,0,4,0,327,1356,0.2,5,0,4,0,1,2,0,2025,78.33333333333333,3.6,3.6,164.0,9.65,4.25,2.27,1.26
이재희,삼성,3.0,11,0,2,0,4,0.0,9,7,0,5,0,9,3,3,1.333,0,0,0,0,39,157,0.206,1,1,0,0,0,0,0,2025,9.0,2.77,2.77,144.3,9.0,5.0,1.8,0.23
원태인,삼성,3.24,27,12,4,0,0,0.75,166 2/3,157,20,27,6,108,66,60,1.104,0,0,20,0,671,2493,0.253,32,2,11,6,1,1,0,2025,166.66666666666666,3.96,3.96,133.6,5.83,1.46,4.0,1.99
양창섭,삼성,3.43,33,3,3,0,2,0.5,63,67,3,19,9,45,29,24,1.365,0,0,0,0,276,969,0.278,10,0,3,4,1,4,0,2025,63.0,3.62,3.62,126.2,6.43,2.71,2.37,1.0
이승민,삼성,3.78,62,3,2,0,8,0.6,64 1/3,61,5,26,3,53,37,27,1.352,0,0,0,0,280,1068,0.249,15,2,5,1,2,1,0,2025,64.33333333333333,3.82,3.82,114.5,7.41,3.64,2.04,0.87
배찬승,삼성,3.91,65,2,3,0,19,0.4,50 2/3,50,3,34,2,57,25,22,1.658,0,0,0,2,233,962,0.259,11,0,4,0,1,5,0,2025,50.666666666666664,3.75,3.75,110.7,10.12,6.04,1.68,0.73
레예스,삼성,4.14,10,4,3,0,0,0.571,50,51,5,12,3,35,26,23,1.26,0,0,2,0,215,844,0.264,7,1,3,4,0,0,0,2025,50.0,3.9,3.9,104.6,6.3,2.16,2.92,0.63
김태훈,삼성,4.48,73,2,6,2,19,0.25,66 1/3,66,8,26,2,74,34,33,1.387,0,0,0,5,287,1122,0.259,13,0,1,3,3,4,0,2025,66.33333333333333,3.7,3.7,96.6,10.04,3.53,2.85,0.99
송은범,삼성,4.5,5,0,0,0,0,,6,9,0,3,0,2,3,3,2.0,0,0,0,0,28,93,0.375,2,0,1,0,0,3,0,2025,6.0,3.93,3.93,96.2,3.0,4.5,0.67,0.07
홍원표,삼성,4.5,2,0,1,0,0,0.0,2,3,0,2,1,1,1,1,,0,0,0,0,12,40,0.429,0,0,1,1,1,0,0,2025,2.0,,,,,,,
임창민,삼성,4.85,16,1,0,0,2,1.0,13,17,5,7,1,6,8,7,1.846,0,0,0,1,63,263,0.321,2,0,1,1,1,0,0,2025,13.0,9.02,9.02,89.3,4.15,4.85,0.86,-0.6
최원태,삼성,4.92,27,8,7,0,0,0.533,124 1/3,128,13,51,12,109,72,68,1.44,0,0,8,0,552,2137,0.271,21,0,10,7,1,9,0,2025,124.33333333333333,4.23,4.23,88.0,7.89,3.69,2.14,1.1
김재윤,삼성,4.99,63,4,7,13,3,0.364,57 2/3,57,10,13,1,43,34,32,1.214,0,0,0,3,242,938,0.253,12,2,2,1,3,1,0,2025,57.666666666666664,4.59,4.59,86.8,6.71,2.03,3.31,0.27
김대호,삼성,5.14,11,0,1,0,0,0.0,21,25,3,15,1,19,13,12,1.905,0,0,0,0,105,392,0.291,6,0,1,2,0,1,0,2025,21.0,5.43,5.43,84.2,8.14,6.43,1.27,-0.1
육선엽,삼성,5.34,27,0,1,0,1,0.0,28 2/3,23,4,24,0,19,21,17,1.64,0,0,0,0,133,564,0.217,3,0,3,0,0,2,0,2025,28.666666666666668,6.1,6.1,81.1,5.97,7.53,0.79,-0.36
이승현,삼성,5.42,25,4,9,0,0,0.308,101 1/3,121,10,46,9,74,64,61,1.648,0,0,2,0,471,1840,0.298,23,2,7,3,0,2,0,2025,101.33333333333333,4.55,4.55,79.9,6.57,4.09,1.61,0.52
이호성,삼성,6.34,58,7,4,9,3,0.636,55 1/3,54,7,29,2,69,44,39,1.5,0,0,0,4,252,1032,0.252,7,2,3,4,0,0,1,2025,55.333333333333336,3.93,3.93,68.3,11.22,4.72,2.38,0.68
황동재,삼성,6.97,15,0,1,0,0,0.0,20 2/3,27,1,14,2,22,16,16,1.984,0,0,0,0,104,403,0.31,2,0,0,1,0,3,0,2025,20.666666666666668,3.92,3.92,62.1,9.58,6.1,1.57,0.26
오승환,삼성,8.0,12,0,0,0,0,,9,15,1,3,0,7,8,8,2.0,0,0,0,0,45,173,0.366,5,0,0,1,0,1,0,2025,9.0,3.99,3.99,54.1,7.0,3.0,2.33,0.1
최성훈,삼성,9.0,2,0,0,0,0,,1,1,0,1,0,1,1,1,,0,0,0,0,5,20,0.25,0,0,0,0,0,0,0,2025,1.0,,,,,,,
정민성,삼성,36.0,1,0,1,0,0,0.0,1,3,0,0,2,0,4,4,,0,0,0,0,7,23,0.6,2,1,0,0,0,1,0,2025,1.0,,,,,,,
최충연,삼성,37.8,4,0,0,0,0,,1 2/3,7,1,2,1,1,8,7,,0,0,0,0,15,60,0.583,1,0,0,0,0,0,0,2025,1.6666666666666665,,,,,,,
폰세,한화,1.89,29,17,1,0,0,0.944,180 2/3,128,10,41,6,252,41,38,0.935,0,0,20,0,697,2854,0.199,18,0,3,4,0,7,3,2025,180.66666666666666,1.81,1.81,222.2,12.55,2.04,6.15,6.4
김범수,한화,2.25,73,2,1,2,6,0.667,48,30,0,22,4,41,17,12,1.083,0,0,0,0,195,780,0.181,5,0,2,1,1,1,0,2025,48.0,3.02,3.02,186.7,7.69,4.12,1.86,1.06
한승혁,한화,2.25,71,3,3,3,16,0.5,64,56,4,23,7,53,18,16,1.234,0,0,0,5,269,1002,0.236,5,1,2,0,1,3,0,2025,64.0,3.66,3.66,186.7,7.45,3.23,2.3,0.95
정우주,한화,2.85,51,3,0,0,3,1.0,53 2/3,34,6,21,10,82,18,17,1.025,0,0,0,0,228,1007,0.177,6,1,3,2,0,3,1,2025,53.666666666666664,3.23,3.23,147.4,13.75,3.52,3.9,1.06
와이스,한화,2.87,30,16,5,0,0,0.762,178 2/3,127,13,56,13,207,63,57,1.024,0,0,21,0,725,2837,0.197,30,1,4,6,0,5,2,2025,178.66666666666666,2.89,2.89,146.3,10.43,2.82,3.7,4.19
김기중,한화,3.07,5,0,1,0,0,0.0,14 2/3,16,0,6,1,8,5,5,1.5,0,0,0,0,66,259,0.276,2,1,0,1,0,1,0,2025,14.666666666666666,3.44,3.44,136.8,4.91,3.68,1.33,0.25
김서현,한화,3.14,69,2,4,33,2,0.333,66,52,4,31,8,71,23,23,1.258,0,0,0,4,280,1124,0.222,7,3,5,2,3,7,0,2025,66.0,3.51,3.51,133.8,9.68,4.23,2.29,1.09
류현진,한화,3.23,26,9,7,0,0,0.563,139 1/3,144,12,25,4,122,54,50,1.213,0,0,12,0,574,2268,0.267,22,3,5,0,2,2,0,2025,139.33333333333334,3.09,3.09,130.0,7.88,1.61,4.88,2.96
김종수,한화,3.25,63,4,5,0,5,0.444,63 2/3,57,5,36,4,59,30,23,1.461,0,0,0,0,282,1104,0.245,17,1,4,5,1,2,1,2025,63.666666666666664,4.15,4.15,129.2,8.34,5.09,1.64,0.6
박준영,한화,3.6,1,0,0,0,0,,5,3,0,6,0,3,2,2,1.8,0,0,0,0,24,110,0.176,0,0,0,1,0,0,0,2025,5.0,5.5,5.5,116.7,5.4,10.8,0.5,-0.03
윤산흠,한화,3.78,12,0,0,0,0,,16 2/3,16,1,5,3,17,7,7,1.26,0,0,0,0,73,268,0.246,5,0,0,0,0,1,1,2025,16.666666666666668,3.28,3.28,111.1,9.18,2.7,3.4,0.32
이태양,한화,3.97,14,0,1,0,0,0.0,11 1/3,14,0,5,1,8,5,5,1.676,0,0,0,1,51,181,0.318,5,0,1,0,1,0,0,2025,11.333333333333334,3.28,3.28,105.8,6.35,3.97,1.6,0.22
문동주,한화,4.02,24,11,5,0,0,0.688,121,112,7,31,3,135,57,54,1.182,1,0,11,0,501,1947,0.243,16,5,3,4,0,11,0,2025,121.0,2.46,2.46,104.5,10.04,2.31,4.35,3.41
조동욱,한화,4.05,68,3,3,2,5,0.5,60,77,4,29,4,43,29,27,1.767,0,0,0,1,283,1068,0.313,16,0,2,2,3,7,1,2025,60.0,4.18,4.18,103.7,6.45,4.35,1.48,0.55
박상원,한화,4.19,74,4,3,0,16,0.571,66 2/3,67,4,21,8,52,35,31,1.32,0,0,0,3,294,1128,0.261,14,1,4,4,0,4,0,2025,66.66666666666667,3.62,3.62,100.2,7.02,2.84,2.48,1.02
주현상,한화,5.18,48,5,2,1,3,0.714,41 2/3,59,8,10,3,37,25,24,1.656,0,0,0,2,193,776,0.331,14,2,2,0,0,1,0,2025,41.666666666666664,4.76,4.76,81.1,7.99,2.16,3.7,0.11
황준서,한화,5.3,23,2,8,0,0,0.2,56,54,7,26,2,57,37,33,1.429,0,0,2,0,242,1012,0.255,11,4,0,2,2,1,0,2025,56.0,4.19,4.19,79.2,9.16,4.18,2.19,0.5
엄상백,한화,6.58,28,2,7,0,1,0.222,80 2/3,106,13,38,8,74,60,59,1.785,0,0,2,0,379,1540,0.324,18,3,3,3,0,3,0,2025,80.66666666666667,5.07,5.07,63.8,8.26,4.24,1.95,-0.06
이상규,한화,8.0,5,0,1,0,0,0.0,9,16,0,4,0,5,9,8,2.222,0,0,0,0,47,155,0.372,2,1,0,0,0,0,0,2025,9.0,3.32,3.32,52.5,5.0,4.0,1.25,0.17
권민규,한화,8.44,5,0,0,0,0,,5 1/3,5,1,7,0,4,5,5,2.25,0,0,0,0,28,129,0.25,1,0,0,1,0,0,0,2025,5.333333333333333,7.98,7.98,49.8,6.75,11.81,0.57,-0.18
강재민,한화,9.0,4,0,0,0,0,,4,6,1,2,1,5,4,4,,0,0,0,0,20,92,0.375,1,0,0,1,0,0,0,2025,4.0,,,,,,,
원종혁,한화,16.2,2,0,0,0,0,,1 2/3,3,1,2,0,1,3,3,,0,0,0,0,10,37,0.429,0,0,0,1,0,0,0,2025,1.6666666666666665,,,,,,,
김승일,한화,23.63,5,0,0,0,0,,2 2/3,3,1,3,3,3,7,7,,0,0,0,0,17,68,0.273,0,0,0,0,0,1,0,2025,2.6666666666666665,,,,,,,
주승우,키움,2.45,42,2,2,16,5,0.5,44,35,7,17,2,35,13,12,1.182,0,0,0,4,179,713,0.222,1,0,2,0,0,1,0,2025,44.0,4.87,4.87,169.7,7.16,3.48,2.06,0.06
웰스,키움,3.15,4,1,1,0,0,0.5,20,18,0,6,1,16,8,7,1.2,0,0,2,0,85,329,0.234,3,0,0,1,0,0,0,2025,20.0,2.55,2.55,132.0,7.2,2.7,2.67,0.54
로젠버그,키움,3.23,13,4,4,0,0,0.5,75 1/3,63,5,25,4,80,33,27,1.168,0,0,6,0,320,1265,0.22,13,2,3,1,0,2,0,2025,75.33333333333333,2.99,2.99,128.7,9.56,2.99,3.2,1.67
알칸타라,키움,3.27,19,8,4,0,0,0.667,121,125,11,10,4,92,50,44,1.116,0,0,14,0,492,1796,0.267,20,3,6,3,0,3,0,2025,121.0,3.11,3.11,127.2,6.84,0.74,9.2,2.52
오석주,키움,3.7,53,2,1,0,7,0.667,58 1/3,52,4,29,7,44,24,24,1.389,0,0,0,1,252,1032,0.249,6,1,3,4,0,3,0,2025,58.333333333333336,4.33,4.33,112.4,6.79,4.47,1.52,0.43
메르세데스,키움,4.47,8,3,3,0,0,0.5,46 1/3,54,5,9,0,41,24,23,1.36,0,0,2,0,197,764,0.292,12,0,2,1,0,2,1,2025,46.333333333333336,3.32,3.32,93.0,7.96,1.75,4.56,0.86
박윤성,키움,4.53,54,0,5,1,6,0.0,51 2/3,55,9,19,1,40,31,26,1.432,0,0,0,3,226,905,0.271,12,0,3,0,0,4,1,2025,51.666666666666664,4.98,4.98,91.8,6.97,3.31,2.11,0.01
김성민,키움,4.68,29,0,3,0,1,0.0,25,25,1,13,5,18,15,13,1.52,0,0,0,1,113,397,0.272,3,3,2,1,1,0,0,2025,25.0,4.34,4.34,88.9,6.48,4.68,1.38,0.18
하영민,키움,4.99,28,7,14,0,0,0.333,153 1/3,169,13,41,9,134,90,85,1.37,0,0,14,0,669,2506,0.278,29,3,8,2,1,7,0,2025,153.33333333333334,3.43,3.43,83.3,7.87,2.41,3.27,2.65
윤석원,키움,5.54,37,1,1,0,8,0.5,37 1/3,41,3,12,2,27,23,23,1.42,0,0,0,1,160,623,0.285,9,3,1,1,2,0,0,2025,37.333333333333336,3.82,3.82,75.1,6.51,2.89,2.25,0.48
김선기,키움,5.65,44,1,7,0,2,0.125,78,96,6,47,11,43,55,49,1.833,0,0,0,0,381,1391,0.305,17,0,3,5,1,2,0,2025,78.0,5.23,5.23,73.6,4.96,5.42,0.91,-0.2
조영건,키움,5.68,51,5,5,8,7,0.5,77 2/3,84,12,38,4,47,51,49,1.571,0,0,0,2,353,1330,0.275,18,1,2,4,0,5,0,2025,77.66666666666667,5.52,5.52,73.2,5.45,4.4,1.24,-0.44
정현우,키움,5.86,18,3,7,0,0,0.3,81 1/3,92,8,48,6,55,63,53,1.721,0,0,3,0,384,1496,0.287,20,0,3,6,0,4,2,2025,81.33333333333333,5.02,5.02,71.0,6.09,5.31,1.15,-0.02
원종현,키움,6.13,61,2,4,5,11,0.333,54 1/3,68,5,18,3,40,42,37,1.583,0,0,0,6,248,931,0.313,8,2,7,3,2,6,0,2025,54.333333333333336,3.98,3.98,67.8,6.63,2.98,2.22,0.61
김윤하,키움,6.14,19,0,12,0,0,0.0,88,113,16,44,3,52,76,60,1.784,0,0,4,1,422,1645,0.309,18,2,5,4,1,2,0,2025,88.0,5.88,5.88,67.7,5.32,4.5,1.18,-0.85
이강준,키움,6.57,29,0,3,0,2,0.0,24 2/3,29,3,17,2,26,22,18,1.865,0,0,0,0,119,492,0.296,5,0,2,0,0,2,0,2025,24.666666666666668,4.88,4.88,63.3,9.49,6.2,1.53,0.03
박주성,키움,6.58,18,2,3,0,1,0.4,52,63,9,16,3,26,40,38,1.519,0,0,2,0,235,865,0.3,11,2,2,4,0,2,0,2025,52.0,5.45,5.45,63.2,4.5,2.77,1.62,-0.26
김연주,키움,6.62,20,1,3,0,0,0.25,51 2/3,67,10,25,6,28,40,38,1.781,0,0,0,0,250,939,0.316,14,2,2,5,2,0,0,2025,51.666666666666664,6.33,6.33,62.8,4.88,4.35,1.12,-0.76
김동규,키움,6.75,9,0,0,0,0,,8,13,2,11,0,10,11,6,3.0,0,0,0,0,49,203,0.342,1,0,0,0,0,4,0,2025,8.0,7.98,7.98,61.6,11.25,12.38,0.91,-0.26
박정훈,키움,7.43,16,0,1,1,0,0.0,23,24,1,20,4,7,24,19,1.913,0,0,0,0,116,450,0.276,6,0,1,4,0,3,0,2025,23.0,6.19,6.19,56.0,2.74,7.83,0.35,-0.3
양지율,키움,8.36,18,0,2,0,1,0.0,14,18,3,7,3,10,13,13,1.786,0,0,0,0,69,268,0.305,1,2,0,0,0,1,0,2025,14.0,6.6,6.6,49.7,6.43,4.5,1.43,-0.25
윤현,키움,8.59,17,2,1,0,0,0.667,22,31,2,23,5,15,28,21,2.455,0,0,0,1,125,514,0.326,4,1,0,2,0,5,0,2025,22.0,6.74,6.74,48.4,6.14,9.41,0.65,-0.42
이준우,키움,8.61,31,1,4,0,3,0.2,23,37,6,12,1,22,23,22,2.13,0,0,0,0,118,469,0.359,7,1,2,0,0,0,0,2025,23.0,6.27,6.27,48.3,8.61,4.7,1.83,-0.32
전준표,키움,8.85,21,2,2,0,1,0.5,20 1/3,33,2,19,3,15,22,20,2.557,0,0,0,0,114,400,0.375,8,0,3,1,3,3,0,2025,20.333333333333332,6.15,6.15,47.0,6.64,8.41,0.79,-0.26
손힘찬,키움,11.25,4,0,0,0,0,,4,5,0,4,1,4,5,5,,0,0,0,0,22,84,0.294,2,0,0,0,0,1,0,2025,4.0,,,,,,,
손현기,키움,15.0,2,0,0,0,0,,3,4,1,6,1,1,5,5,,0,0,0,0,18,78,0.364,1,0,0,0,0,1,0,2025,3.0,,,,,,,
정세영,키움,16.88,4,0,1,0,0,0.0,2 2/3,9,0,4,0,2,6,5,,0,0,0,0,22,84,0.5,2,0,0,0,0,1,0,2025,2.6666666666666665,,,,,,,
김서준,키움,20.25,4,0,0,0,0,,5 1/3,14,2,5,0,4,12,12,3.562,0,0,0,0,34,123,0.5,5,0,0,1,0,1,0,2025,5.333333333333333,9.29,9.29,20.5,6.75,8.44,0.8,-0.25
임진묵,키움,24.55,4,0,0,0,0,,3 2/3,10,0,5,1,3,11,10,,0,0,0,0,28,108,0.476,2,1,0,1,0,1,0,2025,3.6666666666666665,,,,,,,
