선수명,팀,AVG,G,PA,AB,R,H,2B,3B,HR,TB,RBI,SAC,SF,BB,IBB,HBP,SO,GDP,SLG,OBP,OPS,시즌,BABIP,ISO,wOBA,wRC+,OPS+,bWAR
이영빈,LG,0.5,6,4,4,1,2,0,0,0,2,0,0,0,0,0,0,1,0,0.5,0.5,1.0,2026,,,,,,
오스틴,LG,0.373,15,69,59,16,22,3,0,5,40,11,0,1,9,0,0,7,1,0.678,0.449,1.127,2026,0.354,0.305,0.47,199.9,191.8,1.31
천성호,LG,0.359,14,46,39,8,14,3,0,1,20,5,1,0,5,0,1,7,2,0.513,0.444,0.957,2026,0.419,0.154,0.416,162.2,152.1,0.66
문성주,LG,0.346,15,60,52,4,18,2,0,0,20,6,0,1,5,1,2,6,0,0.385,0.417,0.802,2026,0.383,0.039,0.352,117.6,114.5,0.52
오지환,LG,0.286,14,54,49,6,14,3,0,1,20,12,0,1,3,0,1,7,0,0.408,0.333,0.741,2026,0.31,0.122,0.322,96.6,95.6,0.33
박해민,LG,0.283,15,61,53,4,15,4,0,0,19,6,2,1,3,0,2,7,0,0.358,0.339,0.697,2026,0.319,0.075,0.308,86.9,85.8,0.3
문보경,LG,0.25,14,61,44,5,11,2,0,1,16,8,0,2,14,1,1,11,1,0.364,0.426,0.79,2026,0.294,0.114,0.354,119.0,112.3,0.54
박동원,LG,0.205,14,54,39,8,8,2,0,1,13,9,0,2,12,0,1,12,1,0.333,0.389,0.722,2026,0.25,0.128,0.332,103.6,94.4,0.38
이주헌,LG,0.2,8,10,10,1,2,0,0,0,2,0,0,0,0,0,0,0,0,0.2,0.2,0.4,2026,,,,,,
최원영,LG,0.2,10,5,5,5,1,1,0,0,2,1,0,0,0,0,0,1,0,0.4,0.2,0.6,2026,,,,,,
신민재,LG,0.173,15,60,52,3,9,0,0,0,9,3,2,0,6,0,0,14,2,0.173,0.259,0.432,2026,0.237,0.0,0.208,17.1,19.7,-0.22
구본혁,LG,0.167,15,28,24,2,4,0,0,0,4,3,2,0,2,0,0,5,0,0.167,0.231,0.398,2026,0.211,0.0,0.188,3.2,10.2,-0.15
홍창기,LG,0.157,15,65,51,6,8,2,0,0,10,3,0,0,12,0,2,14,0,0.196,0.338,0.534,2026,0.216,0.039,0.269,59.7,47.8,0.1
이재원,LG,0.071,11,17,14,0,1,0,0,0,1,1,0,0,2,0,1,9,0,0.071,0.235,0.306,2026,,,,,,
송찬의,LG,0.0,1,1,1,0,0,0,0,0,0,0,0,0,0,0,0,0,0,0.0,0.0,0.0,2026,,,,,,
허경민,KT,0.522,7,26,23,7,12,2,0,1,17,4,1,0,1,0,1,2,0,0.739,0.56,1.299,2026,0.55,0.217,0.554,279.8,257.7,0.69
이정훈,KT,0.5,7,13,10,2,5,0,0,0,5,2,0,0,3,0,0,0,0,0.5,0.615,1.115,2026,,,,,,
권동진,KT,0.4,9,7,5,6,2,0,1,0,4,3,0,0,2,0,0,1,0,0.8,0.571,1.371,2026,,,,,,
안현민,KT,0.365,14,67,52,14,19,4,1,3,34,11,0,0,12,0,3,16,1,0.654,0.507,1.161,2026,0.485,0.289,0.489,230.7,219.7,1.41
오윤석,KT,0.353,12,36,34,7,12,4,0,0,16,7,0,0,2,0,0,7,1,0.471,0.389,0.86,2026,0.444,0.118,0.372,142.4,136.9,0.39
김현수,KT,0.308,15,72,65,9,20,5,0,2,31,16,0,0,7,0,0,9,3,0.477,0.375,0.852,2026,0.333,0.169,0.369,140.1,134.0,0.77
류현인,KT,0.297,14,39,37,6,11,2,0,0,13,4,0,0,1,0,1,5,0,0.351,0.333,0.684,2026,0.344,0.054,0.303,90.3,89.2,0.19
장성우,KT,0.283,15,62,53,11,15,3,0,5,33,16,0,1,8,0,0,15,2,0.623,0.371,0.994,2026,0.294,0.34,0.413,173.3,169.5,0.9
이강민,KT,0.25,15,52,48,5,12,1,0,0,13,6,1,0,2,0,1,10,1,0.271,0.294,0.565,2026,0.316,0.021,0.255,54.0,56.9,0.04
최원준,KT,0.25,14,72,60,11,15,4,1,0,21,8,0,1,11,0,0,11,0,0.35,0.361,0.711,2026,0.3,0.1,0.319,102.3,97.7,0.46
김상수,KT,0.245,14,57,49,4,12,2,0,0,14,2,0,0,7,0,1,5,3,0.286,0.351,0.637,2026,0.273,0.041,0.296,85.0,78.5,0.25
배정대,KT,0.231,8,15,13,2,3,2,0,0,5,4,0,0,2,0,0,6,0,0.385,0.333,0.718,2026,,,,,,
힐리어드,KT,0.207,15,70,58,11,12,1,1,3,24,11,0,3,9,0,0,20,1,0.414,0.3,0.714,2026,0.237,0.207,0.304,91.0,94.7,0.35
한승택,KT,0.172,11,36,29,4,5,1,0,0,6,3,0,0,6,0,1,12,1,0.207,0.333,0.54,2026,0.294,0.035,0.267,63.1,53.0,0.07
강현우,KT,0.0,1,1,1,0,0,0,0,0,0,0,0,0,0,0,0,0,0,0.0,0.0,0.0,2026,,,,,,
김민석,KT,0.0,1,2,1,0,0,0,0,0,0,0,0,0,1,0,0,0,0,0.0,0.5,0.5,2026,,,,,,
유준규,KT,0.0,2,1,1,1,0,0,0,0,0,0,0,0,0,0,0,0,0,0.0,0.0,0.0,2026,,,,,,
장진혁,KT,0.0,5,3,3,1,0,0,0,0,0,0,0,0,0,0,0,2,0,0.0,0.0,0.0,2026,,,,,,
조대현,KT,,2,1,0,1,0,0,0,0,0,0,0,0,1,0,0,0,0,,1.0,1.0,2026,,,,,,
류지혁,SSG,0.434,15,66,53,14,23,7,1,2,38,13,0,0,13,1,0,6,1,0.717,0.545,1.262,2026,0.467,0.283,0.524,244.5,235.3,1.57
김성윤,SSG,0.385,7,28,26,6,10,3,1,0,15,6,1,0,0,0,1,1,0,0.577,0.407,0.984,2026,0.4,0.192,0.419,169.1,160.8,0.41
양우현,SSG,0.375,6,10,8,2,3,1,0,0,4,0,0,0,2,0,0,3,0,0.5,0.5,1.0,2026,,,,,,
전병우,SSG,0.375,9,28,24,6,9,2,0,0,11,6,0,0,1,0,3,5,1,0.458,0.464,0.922,2026,0.474,0.083,0.411,163.4,149.3,0.39
디아즈,SSG,0.356,15,69,59,13,21,4,0,3,34,12,0,1,9,0,0,4,2,0.576,0.435,1.011,2026,0.34,0.22,0.429,176.3,168.9,1.07
박승규,SSG,0.348,5,28,23,7,8,0,2,1,15,6,0,0,3,0,2,3,0,0.652,0.464,1.116,2026,0.368,0.304,0.468,204.3,195.7,0.53
최형우,SSG,0.296,15,71,54,10,16,2,0,4,30,14,0,1,14,0,2,5,5,0.556,0.451,1.007,2026,0.261,0.26,0.43,177.0,168.9,1.11
구자욱,SSG,0.292,13,54,48,7,14,1,1,2,23,9,0,1,5,0,0,10,0,0.479,0.352,0.831,2026,0.324,0.187,0.354,122.5,121.1,0.49
김지찬,SSG,0.283,15,68,53,13,15,2,1,0,19,6,0,1,13,1,1,4,1,0.358,0.426,0.784,2026,0.3,0.075,0.353,121.7,114.1,0.61
이성규,SSG,0.25,4,8,4,2,1,0,0,0,1,0,1,0,3,0,0,2,0,0.25,0.571,0.821,2026,,,,,,
강민호,SSG,0.231,14,43,39,3,9,2,0,0,11,7,0,0,4,0,0,11,0,0.282,0.302,0.584,2026,0.321,0.051,0.265,58.5,59.1,0.06
김헌곤,SSG,0.222,10,9,9,0,2,0,0,0,2,1,0,0,0,0,0,1,0,0.222,0.222,0.444,2026,,,,,,
김태훈,SSG,0.2,2,6,5,0,1,1,0,0,2,0,0,0,1,0,0,1,1,0.4,0.333,0.733,2026,,,,,,
김영웅,SSG,0.171,10,43,41,2,7,2,0,0,9,3,0,0,2,0,0,14,0,0.22,0.209,0.429,2026,0.259,0.049,0.192,6.1,16.7,-0.21
홍현빈,SSG,0.167,4,6,6,1,1,0,0,0,1,1,0,0,0,0,0,1,1,0.167,0.167,0.334,2026,,,,,,
이재현,SSG,0.135,14,49,37,6,5,1,0,0,6,3,1,1,8,0,2,9,0,0.162,0.313,0.475,2026,0.172,0.027,0.244,43.5,33.7,-0.02
박세혁,SSG,0.105,10,20,19,1,2,1,0,0,3,0,0,0,1,0,0,4,0,0.158,0.15,0.308,2026,0.133,0.053,0.141,-30.5,-15.7,-0.19
함수호,SSG,0.1,8,11,10,0,1,0,0,0,1,1,0,0,1,0,0,4,0,0.1,0.182,0.282,2026,,,,,,
김재상,SSG,0.0,2,2,1,1,0,0,0,0,0,0,0,0,1,0,0,0,0,0.0,0.5,0.5,2026,,,,,,
심재훈,SSG,0.0,2,1,1,0,0,0,0,0,0,0,0,0,0,0,0,0,0,0.0,0.0,0.0,2026,,,,,,
이해승,SSG,0.0,10,7,5,0,0,0,0,0,0,1,1,0,1,0,0,3,0,0.0,0.167,0.167,2026,,,,,,
권희동,NC,0.333,2,5,3,2,1,0,0,0,1,1,0,0,2,0,0,1,0,0.333,0.6,0.933,2026,,,,,,
박건우,NC,0.333,15,60,51,8,17,5,0,4,34,11,0,0,9,1,0,16,0,0.667,0.433,1.1,2026,0.419,0.334,0.456,207.9,202.0,1.09
박민우,NC,0.321,14,65,56,12,18,5,0,1,26,10,0,0,8,0,1,8,1,0.464,0.415,0.879,2026,0.362,0.143,0.386,154.5,144.7,0.79
최정원,NC,0.316,15,53,38,5,12,0,0,0,12,1,5,0,7,0,3,5,0,0.316,0.458,0.774,2026,0.364,0.0,0.366,139.3,120.7,0.55
한석현,NC,0.308,10,14,13,1,4,1,0,0,5,2,1,0,0,0,0,2,0,0.385,0.308,0.693,2026,,,,,,
김휘집,NC,0.288,15,60,52,4,15,2,0,0,17,11,0,0,4,0,4,10,1,0.327,0.383,0.71,2026,0.357,0.039,0.326,108.7,99.8,0.42
이우성,NC,0.282,13,43,39,5,11,3,0,2,20,2,0,0,4,0,0,9,0,0.513,0.349,0.862,2026,0.321,0.231,0.368,140.8,136.3,0.46
김형준,NC,0.273,15,53,44,3,12,2,0,1,17,7,0,0,8,0,1,19,2,0.386,0.396,0.782,2026,0.458,0.113,0.353,129.3,118.9,0.49
오영수,NC,0.25,6,9,8,2,2,0,0,1,5,1,0,0,1,0,0,2,1,0.625,0.333,0.958,2026,,,,,,
서호철,NC,0.229,15,38,35,6,8,2,0,1,13,4,0,0,3,0,0,9,0,0.371,0.289,0.66,2026,0.28,0.142,0.289,80.5,81.3,0.14
데이비슨,NC,0.22,14,58,50,5,11,2,0,2,19,6,0,0,5,0,3,13,1,0.38,0.328,0.708,2026,0.257,0.16,0.316,101.1,95.9,0.36
김주원,NC,0.183,15,70,60,5,11,1,0,2,18,2,0,0,7,0,3,8,0,0.3,0.3,0.6,2026,0.18,0.117,0.276,70.6,66.7,0.19
신재인,NC,0.16,11,28,25,2,4,0,0,2,10,3,0,0,3,0,0,6,0,0.4,0.25,0.65,2026,0.118,0.24,0.282,75.2,76.4,0.09
김정호,NC,0.143,7,7,7,0,1,0,0,0,1,0,0,0,0,0,0,3,0,0.143,0.143,0.286,2026,,,,,,
천재환,NC,0.125,14,20,16,6,2,1,0,0,3,0,0,0,4,0,0,2,0,0.188,0.3,0.488,2026,0.143,0.063,0.244,46.2,38.3,-0.0
고준휘,NC,0.0,3,4,3,0,0,0,0,0,0,0,0,0,1,0,0,1,0,0.0,0.25,0.25,2026,,,,,,
김한별,NC,0.0,5,1,1,0,0,0,0,0,0,1,0,0,0,0,0,0,0,0.0,0.0,0.0,2026,,,,,,
오장한,NC,0.0,1,2,2,0,0,0,0,0,0,0,0,0,0,0,0,2,0,0.0,0.0,0.0,2026,,,,,,
오태양,NC,0.0,2,3,3,0,0,0,0,0,0,0,0,0,0,0,0,1,0,0.0,0.0,0.0,2026,,,,,,
허윤,NC,0.0,10,3,3,4,0,0,0,0,0,0,0,0,0,0,0,2,0,0.0,0.0,0.0,2026,,,,,,
조수행,두산,0.5,8,5,4,0,2,0,0,0,2,1,1,0,0,0,0,0,0,0.5,0.5,1.0,2026,,,,,,
박준순,두산,0.408,13,51,49,4,20,2,2,1,29,9,0,0,1,0,1,12,1,0.592,0.431,1.023,2026,0.528,0.184,0.437,176.9,166.7,0.82
박찬호,두산,0.304,15,66,56,14,17,5,0,1,25,6,1,0,9,1,0,12,3,0.446,0.4,0.846,2026,0.372,0.142,0.367,128.0,123.8,0.66
김민석,두산,0.294,11,41,34,7,10,1,1,1,16,7,0,1,6,0,0,8,0,0.471,0.39,0.861,2026,0.346,0.177,0.37,130.1,126.7,0.42
손아섭,두산,0.286,3,10,7,2,2,0,0,1,5,2,0,0,3,0,0,2,0,0.714,0.5,1.214,2026,,,,,,
강승호,두산,0.28,10,28,25,2,7,0,0,0,7,2,0,0,2,0,1,8,0,0.28,0.357,0.637,2026,0.412,0.0,0.295,77.8,72.8,0.11
양석환,두산,0.22,14,57,50,3,11,2,0,1,16,4,0,2,5,1,0,12,0,0.32,0.281,0.601,2026,0.256,0.1,0.256,50.6,60.2,0.03
안재석,두산,0.216,14,58,51,9,11,3,0,1,17,7,0,1,6,0,0,8,2,0.333,0.293,0.626,2026,0.233,0.117,0.277,65.2,66.7,0.13
카메론,두산,0.211,15,60,57,6,12,6,1,2,26,5,0,0,2,0,1,18,3,0.456,0.25,0.706,2026,0.27,0.245,0.298,79.9,82.8,0.24
정수빈,두산,0.189,15,65,53,5,10,0,0,0,10,2,1,0,10,0,1,10,0,0.189,0.328,0.517,2026,0.233,0.0,0.257,51.3,43.3,0.03
박지훈,두산,0.185,14,33,27,4,5,0,1,0,7,6,2,0,3,0,1,3,0,0.259,0.29,0.549,2026,0.208,0.074,0.254,49.2,48.6,0.01
윤준호,두산,0.167,9,21,18,1,3,0,0,0,3,2,1,1,1,0,0,6,1,0.167,0.2,0.367,2026,0.231,0.0,0.166,-12.2,1.3,-0.15
양의지,두산,0.163,15,63,49,7,8,3,0,1,14,6,0,2,7,0,5,5,1,0.286,0.317,0.603,2026,0.156,0.123,0.281,68.0,62.7,0.16
김인태,두산,0.125,9,11,8,2,1,0,0,1,4,2,0,0,2,0,1,4,0,0.5,0.364,0.864,2026,,,,,,
이유찬,두산,0.077,12,17,13,2,1,0,0,0,1,3,0,1,2,0,1,4,0,0.077,0.235,0.312,2026,,,,,,
오명진,두산,0.0,7,8,8,1,0,0,0,0,0,0,0,0,0,0,0,3,0,0.0,0.0,0.0,2026,,,,,,
김규성,KIA,0.455,13,16,11,4,5,1,0,0,6,2,3,0,2,0,0,1,0,0.545,0.538,1.083,2026,,,,,,
박재현,KIA,0.345,13,34,29,7,10,2,0,0,12,5,2,0,3,0,0,5,0,0.414,0.406,0.82,2026,0.417,0.069,0.363,127.7,120.4,0.33
박정우,KIA,0.333,11,3,3,0,1,0,0,0,1,1,0,0,0,0,0,2,0,0.333,0.333,0.666,2026,,,,,,
데일,KIA,0.327,14,63,55,9,18,4,0,0,22,5,1,1,6,0,0,7,1,0.4,0.387,0.787,2026,0.367,0.073,0.346,115.6,111.5,0.53
김선빈,KIA,0.32,15,67,50,10,16,3,0,1,22,9,0,1,15,1,1,5,1,0.44,0.478,0.918,2026,0.333,0.12,0.405,157.5,147.7,0.9
한준수,KIA,0.314,15,49,35,9,11,4,0,2,21,7,1,1,12,1,0,5,3,0.6,0.479,1.079,2026,0.31,0.286,0.448,188.1,185.9,0.84
카스트로,KIA,0.271,14,63,59,10,16,6,0,1,25,12,0,1,3,0,0,16,2,0.424,0.302,0.726,2026,0.349,0.153,0.31,90.0,92.2,0.33
김도영,KIA,0.268,15,66,56,12,15,3,0,5,33,14,0,1,8,2,1,8,2,0.589,0.364,0.953,2026,0.227,0.321,0.389,146.2,149.5,0.8
나성범,KIA,0.264,14,61,53,7,14,1,0,3,24,12,0,1,6,0,1,16,0,0.453,0.344,0.797,2026,0.314,0.189,0.344,114.2,111.4,0.5
김호령,KIA,0.262,15,70,61,7,16,4,0,1,23,6,3,0,4,0,2,12,1,0.377,0.328,0.705,2026,0.312,0.115,0.312,91.4,88.7,0.38
김태군,KIA,0.214,6,14,14,0,3,1,0,0,4,0,0,0,0,0,0,2,1,0.286,0.214,0.5,2026,,,,,,
고종욱,KIA,0.2,4,7,5,0,1,0,0,0,1,1,0,0,2,0,0,2,0,0.2,0.429,0.629,2026,,,,,,
박민,KIA,0.182,7,13,11,0,2,0,0,0,2,1,1,0,1,0,0,2,0,0.182,0.25,0.432,2026,,,,,,
박상준,KIA,0.176,7,23,17,2,3,0,0,0,3,0,0,0,6,0,0,6,0,0.176,0.391,0.567,2026,0.273,0.0,0.295,79.3,59.6,0.09
윤도현,KIA,0.167,5,19,18,1,3,0,0,0,3,0,0,0,1,0,0,7,1,0.167,0.211,0.378,2026,,,,,,
오선우,KIA,0.111,6,20,18,1,2,0,0,1,5,1,0,0,2,0,0,8,0,0.278,0.2,0.478,2026,0.111,0.167,0.215,22.4,27.6,-0.06
이창진,KIA,0.0,1,2,2,0,0,0,0,0,0,0,0,0,0,0,0,1,1,0.0,0.0,0.0,2026,,,,,,
정현창,KIA,0.0,11,6,6,0,0,0,0,0,0,1,0,0,0,0,0,2,0,0.0,0.0,0.0,2026,,,,,,
박승욱,롯데,0.4,12,5,5,1,2,0,0,0,2,1,0,0,0,0,0,2,0,0.4,0.4,0.8,2026,,,,,,
노진혁,롯데,0.375,15,57,48,5,18,7,0,3,34,10,0,1,8,0,0,12,1,0.708,0.456,1.164,2026,0.441,0.333,0.48,208.8,202.8,1.13
황성빈,롯데,0.341,14,45,44,6,15,1,2,0,20,2,1,0,0,0,0,8,0,0.455,0.341,0.796,2026,0.417,0.114,0.34,110.2,109.9,0.35
레이예스,롯데,0.328,15,68,58,7,19,2,0,4,33,9,0,0,9,2,1,11,1,0.569,0.426,0.995,2026,0.349,0.241,0.418,165.2,161.4,0.99
한동희,롯데,0.311,11,47,45,5,14,3,0,0,17,4,0,0,2,0,0,7,2,0.378,0.34,0.718,2026,0.368,0.067,0.315,92.6,91.6,0.26
한태양,롯데,0.295,14,53,44,6,13,3,0,0,16,0,1,0,7,0,1,9,0,0.364,0.404,0.768,2026,0.371,0.069,0.348,115.9,106.9,0.45
전준우,롯데,0.214,15,63,56,4,12,1,0,1,16,3,0,1,6,0,0,7,1,0.286,0.286,0.572,2026,0.224,0.072,0.257,51.8,54.3,0.04
손호영,롯데,0.206,15,38,34,8,7,2,0,2,15,3,0,0,4,0,0,8,1,0.441,0.289,0.73,2026,0.208,0.235,0.315,92.6,91.5,0.21
장두성,롯데,0.2,13,11,10,1,2,0,0,0,2,1,1,0,0,0,0,1,0,0.2,0.2,0.4,2026,,,,,,
손성빈,롯데,0.19,13,25,21,1,4,1,0,1,8,2,2,1,1,0,0,4,1,0.381,0.217,0.598,2026,0.176,0.191,0.249,46.1,56.4,-0.0
유강남,롯데,0.188,12,33,32,1,6,0,0,1,9,3,0,1,0,0,0,10,1,0.281,0.182,0.463,2026,0.227,0.093,0.195,8.1,22.8,-0.16
전민재,롯데,0.179,15,45,39,1,7,0,0,0,7,2,1,1,4,0,0,10,1,0.179,0.25,0.429,2026,0.233,0.0,0.203,13.8,18.7,-0.18
윤동희,롯데,0.164,15,58,55,3,9,2,0,3,20,6,0,0,3,1,0,13,3,0.364,0.207,0.571,2026,0.154,0.2,0.237,37.7,49.5,-0.07
김민성,롯데,0.071,11,17,14,1,1,0,0,1,4,3,0,0,3,0,0,3,0,0.286,0.235,0.521,2026,,,,,,
신윤후,롯데,0.0,4,1,1,0,0,0,0,0,0,0,0,0,0,0,0,1,0,0.0,0.0,0.0,2026,,,,,,
이호준,롯데,0.0,11,6,3,1,0,0,0,0,0,0,0,0,3,0,0,2,0,0.0,0.5,0.5,2026,,,,,,
홍대인,삼성,0.667,5,4,3,0,2,1,0,0,3,2,0,0,1,0,0,0,0,1.0,0.75,1.75,2026,,,,,,
채현우,삼성,0.5,11,3,2,2,1,0,0,0,1,1,0,1,0,0,0,0,0,0.5,0.333,0.833,2026,,,,,,
박성한,삼성,0.481,15,70,54,14,26,9,1,1,40,15,0,0,15,0,1,4,0,0.741,0.6,1.341,2026,0.51,0.26,0.559,283.6,270.7,1.9
고명준,삼성,0.379,15,63,58,8,22,5,0,4,39,12,0,0,5,0,0,12,0,0.672,0.429,1.101,2026,0.429,0.293,0.464,211.8,199.9,1.19
최정,삼성,0.309,15,67,55,10,17,6,0,2,29,8,0,1,9,1,2,11,0,0.527,0.418,0.945,2026,0.349,0.218,0.4,163.5,160.0,0.89
오태곤,삼성,0.308,12,13,13,4,4,1,0,1,8,5,0,0,0,0,0,7,0,0.615,0.308,0.923,2026,,,,,,
안상현,삼성,0.304,12,29,23,7,7,2,0,0,9,1,1,0,5,0,0,5,1,0.391,0.429,0.82,2026,0.389,0.087,0.369,140.1,129.2,0.31
조형우,삼성,0.302,13,48,43,5,13,4,0,0,17,5,1,0,3,0,1,7,0,0.395,0.362,0.757,2026,0.361,0.093,0.334,113.7,109.3,0.37
에레디아,삼성,0.273,15,67,66,8,18,1,0,4,31,12,0,0,1,0,0,15,2,0.47,0.284,0.754,2026,0.298,0.197,0.321,103.8,103.8,0.44
김성욱,삼성,0.25,15,22,16,4,4,0,0,0,4,2,0,0,6,0,0,5,0,0.25,0.455,0.705,2026,0.364,0.0,0.348,124.2,101.9,0.19
정준재,삼성,0.207,13,33,29,4,6,0,0,1,9,1,2,0,2,0,0,7,0,0.31,0.258,0.568,2026,0.238,0.103,0.252,51.7,55.5,0.02
한유섬,삼성,0.2,13,43,35,4,7,1,0,0,8,1,0,0,7,0,1,9,2,0.229,0.349,0.578,2026,0.269,0.029,0.281,73.6,63.5,0.13
최지훈,삼성,0.189,15,63,53,10,10,3,0,3,22,9,1,1,6,0,2,9,2,0.415,0.29,0.705,2026,0.167,0.226,0.305,91.8,91.9,0.32
김재환,삼성,0.111,15,68,54,6,6,0,0,2,12,7,0,1,13,0,0,14,2,0.222,0.279,0.501,2026,0.103,0.111,0.243,44.9,39.9,-0.02
이지영,삼성,0.1,10,12,10,2,1,1,0,0,2,0,0,0,2,0,0,1,0,0.2,0.25,0.45,2026,,,,,,
김민준,삼성,0.0,2,2,2,0,0,0,0,0,0,0,0,0,0,0,0,1,0,0.0,0.0,0.0,2026,,,,,,
석정우,삼성,0.0,2,2,1,0,0,0,0,0,0,0,0,0,1,0,0,1,0,0.0,0.5,0.5,2026,,,,,,
임근우,삼성,0.0,1,1,1,0,0,0,0,0,0,0,0,0,0,0,0,0,0,0.0,0.0,0.0,2026,,,,,,
박정현,한화,1.0,1,1,1,0,1,0,0,0,1,0,0,0,0,0,0,0,0,1.0,1.0,2.0,2026,,,,,,
장규현,한화,1.0,1,1,1,0,1,0,0,0,1,0,0,0,0,0,0,0,0,1.0,1.0,2.0,2026,,,,,,
이원석,한화,0.45,6,20,20,2,9,0,1,0,11,5,0,0,0,0,0,4,0,0.55,0.45,1.0,2026,0.562,0.1,0.431,181.3,170.5,0.32
이도윤,한화,0.421,11,24,19,4,8,2,0,0,10,3,0,0,4,0,1,2,0,0.526,0.542,1.068,2026,0.471,0.105,0.469,209.1,192.5,0.46
최인호,한화,0.4,6,5,5,1,2,0,0,0,2,1,0,0,0,0,0,1,0,0.4,0.4,0.8,2026,,,,,,
페라자,한화,0.377,15,73,61,14,23,7,0,1,33,10,0,2,10,1,0,9,1,0.541,0.452,0.993,2026,0.415,0.164,0.419,172.5,168.9,1.08
문현빈,한화,0.37,14,69,54,12,20,6,0,3,35,13,0,0,14,0,1,6,3,0.648,0.507,1.155,2026,0.378,0.278,0.487,222.3,211.7,1.43
이진영,한화,0.333,2,4,3,1,1,0,0,0,1,1,0,0,1,0,0,1,1,0.333,0.5,0.833,2026,,,,,,
심우준,한화,0.302,13,49,43,12,13,3,0,2,22,10,0,0,5,0,1,11,0,0.512,0.388,0.9,2026,0.367,0.21,0.388,149.8,142.5,0.59
강백호,한화,0.292,15,72,65,12,19,3,0,4,34,18,0,0,7,0,0,14,0,0.523,0.361,0.884,2026,0.319,0.231,0.379,143.2,137.0,0.82
하주석,한화,0.273,15,60,55,3,15,1,0,0,16,6,1,0,4,0,0,17,1,0.291,0.322,0.613,2026,0.395,0.018,0.277,68.5,68.6,0.15
채은성,한화,0.246,15,65,57,8,14,1,0,2,21,8,0,2,4,0,2,12,1,0.368,0.308,0.676,2026,0.267,0.122,0.295,81.7,83.1,0.27
오재원,한화,0.208,14,53,48,7,10,1,0,0,11,4,1,0,4,0,0,7,1,0.229,0.269,0.498,2026,0.244,0.021,0.229,33.3,37.4,-0.09
허인서,한화,0.167,10,24,18,4,3,0,0,2,9,6,0,1,4,0,1,10,0,0.5,0.333,0.833,2026,0.143,0.333,0.351,122.7,122.9,0.21
노시환,한화,0.145,13,62,55,6,8,1,0,0,9,3,1,0,5,0,1,21,1,0.164,0.23,0.394,2026,0.235,0.019,0.19,4.8,9.7,-0.31
김태연,한화,0.143,8,9,7,2,1,0,0,0,1,0,0,0,1,0,1,2,0,0.143,0.333,0.476,2026,,,,,,
최재훈,한화,0.133,12,38,30,4,4,0,0,0,4,3,2,0,2,0,4,7,1,0.133,0.278,0.411,2026,0.174,0.0,0.216,23.8,16.7,-0.1
황영묵,한화,0.0,5,5,3,3,0,0,0,0,0,0,0,0,2,0,0,0,0,0.0,0.4,0.4,2026,,,,,,
박주홍,키움,0.391,9,25,23,2,9,2,0,1,14,3,0,0,2,0,0,6,2,0.609,0.44,1.049,2026,0.5,0.218,0.447,191.1,180.1,0.43
박찬혁,키움,0.298,14,51,47,5,14,1,0,0,15,3,1,0,3,0,0,12,1,0.319,0.34,0.659,2026,0.4,0.021,0.295,80.9,80.0,0.21
브룩스,키움,0.271,15,71,59,8,16,4,0,0,20,7,0,1,10,0,1,12,0,0.339,0.38,0.719,2026,0.333,0.068,0.326,103.4,96.9,0.48
최주환,키움,0.267,13,49,45,2,12,2,0,1,17,7,0,1,3,0,0,7,3,0.378,0.306,0.684,2026,0.289,0.111,0.296,81.6,84.1,0.2
김건희,키움,0.261,15,56,46,6,12,4,0,1,19,7,0,2,8,1,0,16,2,0.413,0.357,0.77,2026,0.355,0.152,0.327,104.1,107.8,0.38
이주형,키움,0.258,15,70,62,11,16,5,1,2,29,11,0,0,5,0,3,15,0,0.468,0.343,0.811,2026,0.311,0.21,0.35,120.8,116.9,0.62
임지열,키움,0.25,7,14,12,3,3,0,0,0,3,0,1,0,1,0,0,5,0,0.25,0.308,0.558,2026,,,,,,
안치홍,키움,0.246,15,70,57,5,14,5,0,0,19,3,0,0,13,0,0,13,2,0.333,0.386,0.719,2026,0.318,0.087,0.33,106.3,97.2,0.49
어준서,키움,0.233,12,47,43,5,10,0,0,0,10,1,0,0,3,0,1,10,0,0.233,0.298,0.531,2026,0.303,0.0,0.247,46.1,46.7,-0.01
최재영,키움,0.231,6,14,13,2,3,1,0,0,4,2,0,0,1,0,0,4,1,0.308,0.286,0.594,2026,,,,,,
김태진,키움,0.167,5,6,6,1,1,0,0,0,1,0,0,0,0,0,0,3,0,0.167,0.167,0.334,2026,,,,,,
이형종,키움,0.158,11,24,19,5,3,0,0,2,9,6,1,0,3,0,1,8,0,0.474,0.304,0.778,2026,0.111,0.316,0.336,110.6,106.7,0.18
추재현,키움,0.143,2,7,7,1,1,0,0,0,1,1,0,0,0,0,0,1,1,0.143,0.143,0.286,2026,,,,,,
박한결,키움,0.128,14,41,39,1,5,1,0,0,6,0,0,0,2,0,0,12,0,0.154,0.171,0.325,2026,0.185,0.026,0.15,-24.3,-10.5,-0.35
염승원,키움,0.111,3,10,9,0,1,0,0,0,1,0,1,0,0,0,0,2,0,0.111,0.111,0.222,2026,,,,,,
김지석,키움,0.1,5,13,10,1,1,0,0,1,4,2,1,1,0,0,1,2,0,0.4,0.167,0.567,2026,,,,,,
오선진,키움,0.091,10,12,11,2,1,0,0,0,1,1,0,0,1,0,0,3,0,0.091,0.167,0.258,2026,,,,,,
김재현,키움,0.0,4,6,5,0,0,0,0,0,0,0,0,0,0,0,1,3,0,0.0,0.167,0.167,2026,,,,,,
